{"cameraMode":{"drawMode":0,"name":"Shaded","section":"Shading Mode"},"sceneLighting":true,"audioPlay":false,"sceneViewState":{"showFog":true,"showMaterialUpdate":false,"showSkybox":true,"showFlares":true,"showImageEffects":true,"showParticleSystems":true},"in2DMode":false,"pivot":{"x":56.352455139160159,"y":1.106557846069336,"z":-56.555625915527347},"rotation":{"x":0.3554745614528656,"y":0.49601492285728457,"z":-0.23285023868083955,"w":0.7572237849235535},"size":98.21373748779297,"orthographic":false}