{"cameraMode":{"drawMode":0,"name":"Shaded","section":"Shading Mode"},"sceneLighting":false,"audioPlay":false,"sceneViewState":{"showFog":true,"showMaterialUpdate":false,"showSkybox":true,"showFlares":true,"showImageEffects":true,"showParticleSystems":true},"in2DMode":false,"pivot":{"x":-1688.5418701171875,"y":32.184226989746097,"z":272.8436279296875},"rotation":{"x":0.6187233924865723,"y":-0.04471026733517647,"z":0.03530550003051758,"w":0.783540666103363},"size":14.849142074584961,"orthographic":true}