{"cameraMode":{"drawMode":0,"name":"Shaded","section":"Shading Mode"},"sceneLighting":false,"audioPlay":false,"sceneViewState":{"showFog":true,"showMaterialUpdate":false,"showSkybox":true,"showFlares":true,"showImageEffects":true,"showParticleSystems":true},"in2DMode":false,"pivot":{"x":-1674.552734375,"y":-462.0276794433594,"z":662.7542724609375},"rotation":{"x":0.572740375995636,"y":0.009829855524003506,"z":-0.006874378304928541,"w":0.8196490406990051},"size":787.0366821289063,"orthographic":false}