{"cameraMode":{"drawMode":0,"name":"Shaded","section":"Shading Mode"},"sceneLighting":false,"audioPlay":false,"sceneViewState":{"showFog":true,"showMaterialUpdate":false,"showSkybox":true,"showFlares":true,"showImageEffects":true,"showParticleSystems":true},"in2DMode":false,"pivot":{"x":333.13861083984377,"y":45.84375,"z":94.69532012939453},"rotation":{"x":-0.22106313705444337,"y":-0.4535187780857086,"z":0.1172034963965416,"w":-0.8554035425186157},"size":99.2020263671875,"orthographic":true}