{"cameraMode":{"drawMode":0,"name":"Shaded","section":"Shading Mode"},"sceneLighting":false,"audioPlay":false,"sceneViewState":{"showFog":true,"showMaterialUpdate":false,"showSkybox":true,"showFlares":true,"showImageEffects":true,"showParticleSystems":true},"in2DMode":false,"pivot":{"x":21.664276123046876,"y":-214.2144317626953,"z":279.42999267578127},"rotation":{"x":0.33561766147613528,"y":-0.5771039128303528,"z":0.28091195225715639,"w":0.6894928216934204},"size":585.9852905273438,"orthographic":false}