{"cameraMode":{"drawMode":0,"name":"Shaded","section":"Shading Mode"},"sceneLighting":true,"audioPlay":false,"sceneViewState":{"showFog":true,"showMaterialUpdate":false,"showSkybox":true,"showFlares":true,"showImageEffects":true,"showParticleSystems":true},"in2DMode":false,"pivot":{"x":-80.28585815429688,"y":16.83590316772461,"z":-13.255824089050293},"rotation":{"x":-0.34985095262527468,"y":-0.04774768650531769,"z":0.017857881262898446,"w":-0.9354172945022583},"size":7.737417221069336,"orthographic":true}