{"cameraMode":{"drawMode":0,"name":"Shaded","section":"Shading Mode"},"sceneLighting":true,"audioPlay":false,"sceneViewState":{"showFog":true,"showMaterialUpdate":false,"showSkybox":true,"showFlares":true,"showImageEffects":true,"showParticleSystems":true},"in2DMode":false,"pivot":{"x":292.239990234375,"y":34.70000076293945,"z":156.36000061035157},"rotation":{"x":0.18264202773571015,"y":0.3276291787624359,"z":-0.06470999866724014,"w":0.9247235655784607},"size":22.0,"orthographic":true}