{"cameraMode":{"drawMode":0,"name":"Shaded","section":"Shading Mode"},"sceneLighting":false,"audioPlay":false,"sceneViewState":{"showFog":true,"showMaterialUpdate":false,"showSkybox":true,"showFlares":true,"showImageEffects":true,"showParticleSystems":true},"in2DMode":false,"pivot":{"x":-1688.44091796875,"y":32.11954879760742,"z":272.8482360839844},"rotation":{"x":0.04098452627658844,"y":-0.9544399976730347,"z":0.251244455575943,"w":0.15569496154785157},"size":8.311285018920899,"orthographic":false}