{"cameraMode":{"drawMode":0,"name":"Shaded","section":"Shading Mode"},"sceneLighting":false,"audioPlay":false,"sceneViewState":{"showFog":true,"showMaterialUpdate":false,"showSkybox":true,"showFlares":true,"showImageEffects":true,"showParticleSystems":true},"in2DMode":false,"pivot":{"x":-0.5169792175292969,"y":6.263792037963867,"z":-3.481907844543457},"rotation":{"x":0.29709872603416445,"y":-0.46490278840065,"z":0.1691223531961441,"w":0.816697895526886},"size":46.7931022644043,"orthographic":false}