{"cameraMode":{"drawMode":0,"name":"Shaded","section":"Shading Mode"},"sceneLighting":false,"audioPlay":false,"sceneViewState":{"showFog":true,"showMaterialUpdate":false,"showSkybox":true,"showFlares":true,"showImageEffects":true,"showParticleSystems":true},"in2DMode":false,"pivot":{"x":0.3975076675415039,"y":17.692867279052736,"z":0.6920700073242188},"rotation":{"x":-0.1856495440006256,"y":-0.2447168231010437,"z":0.04779982939362526,"w":-0.9504541754722595},"size":33.89217758178711,"orthographic":false}