{"cameraMode":{"drawMode":0,"name":"Shaded","section":"Shading Mode"},"sceneLighting":true,"audioPlay":false,"sceneViewState":{"showFog":true,"showMaterialUpdate":false,"showSkybox":true,"showFlares":true,"showImageEffects":true,"showParticleSystems":true},"in2DMode":false,"pivot":{"x":246.71258544921876,"y":29.151092529296876,"z":81.97147369384766},"rotation":{"x":-0.1675058901309967,"y":-0.19960227608680726,"z":0.03465322032570839,"w":-0.9648315906524658},"size":6.987185955047607,"orthographic":false}