{"cameraMode":{"drawMode":0,"name":"Shaded","section":"Shading Mode"},"sceneLighting":false,"audioPlay":false,"sceneViewState":{"showFog":false,"showMaterialUpdate":false,"showSkybox":false,"showFlares":false,"showImageEffects":false,"showParticleSystems":false},"in2DMode":false,"pivot":{"x":300.9628601074219,"y":40.569149017333987,"z":-80.37328338623047},"rotation":{"x":0.3005220890045166,"y":-0.11352796107530594,"z":0.03605338931083679,"w":0.9463075995445252},"size":62.83596420288086,"orthographic":false}