{"cameraMode":{"drawMode":0,"name":"Shaded","section":"Shading Mode"},"sceneLighting":true,"audioPlay":false,"sceneViewState":{"showFog":true,"showMaterialUpdate":false,"showSkybox":true,"showFlares":true,"showImageEffects":true,"showParticleSystems":true},"in2DMode":false,"pivot":{"x":238.18548583984376,"y":-23.1455078125,"z":241.51805114746095},"rotation":{"x":-0.40987110137939455,"y":0.28331342339515688,"z":-0.13559956848621369,"w":-0.8563597202301025},"size":296.4668884277344,"orthographic":false}