{"cameraMode":{"drawMode":0,"name":"Shaded","section":"Shading Mode"},"sceneLighting":false,"audioPlay":false,"sceneViewState":{"showFog":true,"showMaterialUpdate":false,"showSkybox":true,"showFlares":true,"showImageEffects":true,"showParticleSystems":true},"in2DMode":false,"pivot":{"x":-0.20141220092773438,"y":10.112011909484864,"z":-3.102431058883667},"rotation":{"x":-0.1856495440006256,"y":-0.2447168231010437,"z":0.04779982939362526,"w":-0.9504541754722595},"size":48.6789665222168,"orthographic":false}