{"cameraMode":{"drawMode":0,"name":"Shaded","section":"Shading Mode"},"sceneLighting":true,"audioPlay":false,"sceneViewState":{"showFog":true,"showMaterialUpdate":false,"showSkybox":true,"showFlares":true,"showImageEffects":true,"showParticleSystems":true},"in2DMode":false,"pivot":{"x":-1048.90771484375,"y":29.56999969482422,"z":330.2013244628906},"rotation":{"x":0.32841771841049197,"y":0.19085527956485749,"z":-0.06794232130050659,"w":0.9225507974624634},"size":596.071044921875,"orthographic":true}