{"cameraMode":{"drawMode":0,"name":"Shaded","section":"Shading Mode"},"sceneLighting":true,"audioPlay":false,"sceneViewState":{"showFog":true,"showMaterialUpdate":false,"showSkybox":true,"showFlares":true,"showImageEffects":true,"showParticleSystems":true},"in2DMode":false,"pivot":{"x":-1683.0,"y":47.8758544921875,"z":272.3091735839844},"rotation":{"x":-0.14043259620666505,"y":0.38395917415618899,"z":-0.05920848622918129,"w":-0.910685658454895},"size":413.4695129394531,"orthographic":false}