{"cameraMode":{"drawMode":0,"name":"Shaded","section":"Shading Mode"},"sceneLighting":false,"audioPlay":false,"sceneViewState":{"showFog":true,"showMaterialUpdate":false,"showSkybox":true,"showFlares":true,"showImageEffects":true,"showParticleSystems":true},"in2DMode":false,"pivot":{"x":-2.1657164096832277,"y":-0.37883779406547549,"z":0.5464448928833008},"rotation":{"x":-0.0650421753525734,"y":0.09713771194219589,"z":-0.006361800711601973,"w":-0.9931230545043945},"size":3.3772549629211427,"orthographic":false}