{"cameraMode":{"drawMode":0,"name":"Shaded","section":"Shading Mode"},"sceneLighting":false,"audioPlay":false,"sceneViewState":{"showFog":true,"showMaterialUpdate":false,"showSkybox":true,"showFlares":true,"showImageEffects":true,"showParticleSystems":true},"in2DMode":false,"pivot":{"x":10.13364028930664,"y":21.252498626708986,"z":-6.074440002441406},"rotation":{"x":-0.026821522042155267,"y":-0.4089530110359192,"z":0.012026023119688034,"w":-0.9120818972587586},"size":71.0534439086914,"orthographic":false}