{"cameraMode":{"drawMode":0,"name":"Shaded","section":"Shading Mode"},"sceneLighting":false,"audioPlay":false,"sceneViewState":{"showFog":true,"showMaterialUpdate":false,"showSkybox":true,"showFlares":true,"showImageEffects":true,"showParticleSystems":true},"in2DMode":false,"pivot":{"x":-925.8727416992188,"y":33.50413131713867,"z":320.73486328125},"rotation":{"x":-0.045325711369514468,"y":0.15520495176315309,"z":-0.007128769066184759,"w":-0.9868162274360657},"size":74.68303680419922,"orthographic":false}