{"cameraMode":{"drawMode":0,"name":"Shaded","section":"Shading Mode"},"sceneLighting":false,"audioPlay":false,"sceneViewState":{"showFog":true,"showMaterialUpdate":false,"showSkybox":true,"showFlares":true,"showImageEffects":true,"showParticleSystems":true},"in2DMode":false,"pivot":{"x":-97.04067993164063,"y":-6.271526336669922,"z":-232.2701416015625},"rotation":{"x":0.20438668131828309,"y":-0.5546930432319641,"z":0.14281883835792542,"w":0.7938164472579956},"size":99.54841613769531,"orthographic":false}