{"cameraMode":{"drawMode":0,"name":"Shaded","section":"Shading Mode"},"sceneLighting":false,"audioPlay":false,"sceneViewState":{"showFog":true,"showMaterialUpdate":false,"showSkybox":true,"showFlares":true,"showImageEffects":true,"showParticleSystems":true},"in2DMode":false,"pivot":{"x":-1065.6087646484375,"y":19.854021072387697,"z":207.3060760498047},"rotation":{"x":-0.38519763946533205,"y":-0.24971739947795869,"z":0.10909900814294815,"w":-0.8816810250282288},"size":51.662986755371097,"orthographic":false}