{"cameraMode":{"drawMode":0,"name":"Shaded","section":"Shading Mode"},"sceneLighting":false,"audioPlay":false,"sceneViewState":{"showFog":true,"showMaterialUpdate":false,"showSkybox":true,"showFlares":true,"showImageEffects":true,"showParticleSystems":true},"in2DMode":false,"pivot":{"x":-2.3675384521484377,"y":23.067628860473634,"z":4.404886245727539},"rotation":{"x":-0.1856495440006256,"y":-0.2447168231010437,"z":0.04779982939362526,"w":-0.9504541754722595},"size":131.68008422851563,"orthographic":false}