{"cameraMode":{"drawMode":0,"name":"Shaded","section":"Shading Mode"},"sceneLighting":false,"audioPlay":false,"sceneViewState":{"showFog":true,"showMaterialUpdate":false,"showSkybox":true,"showFlares":true,"showImageEffects":true,"showParticleSystems":true},"in2DMode":false,"pivot":{"x":209.6156768798828,"y":9.718399047851563,"z":95.46808624267578},"rotation":{"x":0.24991688132286073,"y":-0.42244744300842287,"z":0.12239190936088562,"w":0.862612247467041},"size":348.73626708984377,"orthographic":false}