{"cameraMode":{"drawMode":0,"name":"Shaded","section":"Shading Mode"},"sceneLighting":false,"audioPlay":false,"sceneViewState":{"showFog":true,"showMaterialUpdate":false,"showSkybox":true,"showFlares":true,"showImageEffects":true,"showParticleSystems":true},"in2DMode":false,"pivot":{"x":1.2656314373016358,"y":7.931269645690918,"z":-4.256447792053223},"rotation":{"x":0.009422197006642819,"y":-0.19228596985340119,"z":-0.0018463250016793609,"w":-0.9812919497489929},"size":10.080578804016114,"orthographic":false}