{"cameraMode":{"drawMode":0,"name":"Shaded","section":"Shading Mode"},"sceneLighting":false,"audioPlay":false,"sceneViewState":{"showFog":false,"showMaterialUpdate":false,"showSkybox":false,"showFlares":false,"showImageEffects":false,"showParticleSystems":false},"in2DMode":false,"pivot":{"x":250.90199279785157,"y":29.464000701904298,"z":-48.9146614074707},"rotation":{"x":0.01646830141544342,"y":-0.06145290285348892,"z":0.0010140499798581005,"w":0.997973620891571},"size":4.693018913269043,"orthographic":true}