{"cameraMode":{"drawMode":0,"name":"Shaded","section":"Shading Mode"},"sceneLighting":false,"audioPlay":false,"sceneViewState":{"showFog":true,"showMaterialUpdate":false,"showSkybox":true,"showFlares":true,"showImageEffects":true,"showParticleSystems":true},"in2DMode":false,"pivot":{"x":-1563.0308837890625,"y":-12.06353759765625,"z":59.189754486083987},"rotation":{"x":-0.3388161361217499,"y":0.3373161554336548,"z":-0.13160933554172517,"w":-0.8683895468711853},"size":154.3788604736328,"orthographic":false}