{"cameraMode":{"drawMode":0,"name":"Shaded","section":"Shading Mode"},"sceneLighting":false,"audioPlay":false,"sceneViewState":{"showFog":true,"showMaterialUpdate":false,"showSkybox":true,"showFlares":true,"showImageEffects":true,"showParticleSystems":true},"in2DMode":false,"pivot":{"x":-337.21588134765627,"y":-15.920679092407227,"z":-19.117145538330079},"rotation":{"x":0.32841771841049197,"y":0.19085527956485749,"z":-0.06794232130050659,"w":0.9225507974624634},"size":215.40814208984376,"orthographic":true}