{"cameraMode":{"drawMode":0,"name":"Shaded","section":"Shading Mode"},"sceneLighting":false,"audioPlay":false,"sceneViewState":{"showFog":true,"showMaterialUpdate":false,"showSkybox":true,"showFlares":true,"showImageEffects":true,"showParticleSystems":true},"in2DMode":false,"pivot":{"x":448.558837890625,"y":-30.913360595703126,"z":424.455810546875},"rotation":{"x":0.2086275815963745,"y":0.5935295820236206,"z":-0.16292189061641694,"w":0.7600353360176086},"size":746.8184814453125,"orthographic":false}