{"cameraMode":{"drawMode":0,"name":"Shaded","section":"Shading Mode"},"sceneLighting":false,"audioPlay":false,"sceneViewState":{"showFog":true,"showMaterialUpdate":false,"showSkybox":true,"showFlares":true,"showImageEffects":true,"showParticleSystems":true},"in2DMode":false,"pivot":{"x":-375.66015625,"y":11.2021484375,"z":-108.853515625},"rotation":{"x":0.09927750378847122,"y":0.48500850796699526,"z":-0.05553169921040535,"w":0.8670795559883118},"size":28.340789794921876,"orthographic":true}