{"cameraMode":{"drawMode":0,"name":"Shaded","section":"Shading Mode"},"sceneLighting":true,"audioPlay":false,"sceneViewState":{"showFog":true,"showMaterialUpdate":false,"showSkybox":true,"showFlares":true,"showImageEffects":true,"showParticleSystems":true},"in2DMode":false,"pivot":{"x":3.382195472717285,"y":14.566367149353028,"z":67.06157684326172},"rotation":{"x":-0.15424658358097077,"y":-0.4258916676044464,"z":0.07393971085548401,"w":-0.8884578347206116},"size":10.330320358276368,"orthographic":false}