{"cameraMode":{"drawMode":0,"name":"Shaded","section":"Shading Mode"},"sceneLighting":false,"audioPlay":false,"sceneViewState":{"showFog":true,"showMaterialUpdate":false,"showSkybox":true,"showFlares":true,"showImageEffects":true,"showParticleSystems":true},"in2DMode":false,"pivot":{"x":0.4748976230621338,"y":1.3691492080688477,"z":1.0694708824157715},"rotation":{"x":0.2675827443599701,"y":0.010116912424564362,"z":-0.0028098502662032844,"w":0.9634776711463928},"size":29.050594329833986,"orthographic":false}