{"cameraMode":{"drawMode":0,"name":"Shaded","section":"Shading Mode"},"sceneLighting":true,"audioPlay":false,"sceneViewState":{"showFog":true,"showMaterialUpdate":false,"showSkybox":true,"showFlares":true,"showImageEffects":true,"showParticleSystems":true},"in2DMode":false,"pivot":{"x":-148.27769470214845,"y":-132.2688751220703,"z":90.85874938964844},"rotation":{"x":-0.38457319140434267,"y":0.1854984313249588,"z":-0.07919509708881378,"w":-0.9007896780967712},"size":494.41961669921877,"orthographic":false}