{"cameraMode":{"drawMode":0,"name":"Shaded","section":"Shading Mode"},"sceneLighting":false,"audioPlay":false,"sceneViewState":{"showFog":true,"showMaterialUpdate":false,"showSkybox":true,"showFlares":true,"showImageEffects":true,"showParticleSystems":true},"in2DMode":false,"pivot":{"x":4.5304059982299809,"y":3.7011494636535646,"z":10.013269424438477},"rotation":{"x":0.08183547109365463,"y":0.9173685908317566,"z":-0.2547766864299774,"w":0.2946639060974121},"size":52.697471618652347,"orthographic":false}