{"cameraMode":{"drawMode":0,"name":"Shaded","section":"Shading Mode"},"sceneLighting":false,"audioPlay":false,"sceneViewState":{"showFog":true,"showMaterialUpdate":false,"showSkybox":true,"showFlares":true,"showImageEffects":true,"showParticleSystems":true},"in2DMode":false,"pivot":{"x":0.9403905868530273,"y":1.2585729360580445,"z":0.46092820167541506},"rotation":{"x":0.0339491106569767,"y":0.9258818626403809,"z":-0.0857953280210495,"w":0.36637330055236819},"size":15.174232482910157,"orthographic":false}