{"cameraMode":{"drawMode":0,"name":"Shaded","section":"Shading Mode"},"sceneLighting":false,"audioPlay":false,"sceneViewState":{"showFog":true,"showMaterialUpdate":false,"showSkybox":true,"showFlares":true,"showImageEffects":true,"showParticleSystems":true},"in2DMode":false,"pivot":{"x":3.530649185180664,"y":5.882771015167236,"z":16.12635040283203},"rotation":{"x":0.021916519850492479,"y":0.7846968770027161,"z":-0.027789488434791566,"w":0.6188685297966003},"size":3.46633243560791,"orthographic":false}