{"cameraMode":{"drawMode":0,"name":"Shaded","section":"Shading Mode"},"sceneLighting":true,"audioPlay":false,"sceneViewState":{"showFog":true,"showMaterialUpdate":false,"showSkybox":true,"showFlares":true,"showImageEffects":true,"showParticleSystems":true},"in2DMode":false,"pivot":{"x":-1042.207763671875,"y":29.56999969482422,"z":330.2013244628906},"rotation":{"x":0.2582981288433075,"y":-0.06659431755542755,"z":0.017850879579782487,"w":0.9636019468307495},"size":180.84031677246095,"orthographic":true}