{"cameraMode":{"drawMode":0,"name":"Shaded","section":"Shading Mode"},"sceneLighting":true,"audioPlay":false,"sceneViewState":{"showFog":true,"showMaterialUpdate":false,"showSkybox":true,"showFlares":true,"showImageEffects":true,"showParticleSystems":true},"in2DMode":false,"pivot":{"x":-1683.0,"y":40.34372329711914,"z":272.3091735839844},"rotation":{"x":0.40577471256256106,"y":-0.016450272873044015,"z":0.007304764818400145,"w":0.9137958884239197},"size":654.894287109375,"orthographic":false}