{"cameraMode":{"drawMode":0,"name":"Shaded","section":"Shading Mode"},"sceneLighting":false,"audioPlay":false,"sceneViewState":{"showFog":true,"showMaterialUpdate":false,"showSkybox":true,"showFlares":true,"showImageEffects":true,"showParticleSystems":true},"in2DMode":false,"pivot":{"x":272.2227783203125,"y":61.637088775634769,"z":485.613037109375},"rotation":{"x":0.23603568971157075,"y":-0.11483438313007355,"z":0.02810189686715603,"w":0.9645261168479919},"size":138.04177856445313,"orthographic":false}