{"cameraMode":{"drawMode":0,"name":"Shaded","section":"Shading Mode"},"sceneLighting":false,"audioPlay":false,"sceneViewState":{"showFog":true,"showMaterialUpdate":false,"showSkybox":true,"showFlares":true,"showImageEffects":true,"showParticleSystems":true},"in2DMode":false,"pivot":{"x":1.7402582168579102,"y":7.767696857452393,"z":-4.480625629425049},"rotation":{"x":0.15161502361297608,"y":-0.7112955451011658,"z":0.16167573630809785,"w":0.6670325994491577},"size":17.057506561279298,"orthographic":false}