{"cameraMode":{"drawMode":0,"name":"Shaded","section":"Shading Mode"},"sceneLighting":false,"audioPlay":false,"sceneViewState":{"showFog":true,"showMaterialUpdate":false,"showSkybox":true,"showFlares":true,"showImageEffects":true,"showParticleSystems":true},"in2DMode":false,"pivot":{"x":-337.21588134765627,"y":-15.920679092407227,"z":-19.117145538330079},"rotation":{"x":0.07627367228269577,"y":-0.06277398765087128,"z":0.00481163477525115,"w":0.995097279548645},"size":215.40814208984376,"orthographic":false}