{"cameraMode":{"drawMode":0,"name":"Shaded","section":"Shading Mode"},"sceneLighting":true,"audioPlay":false,"sceneViewState":{"showFog":true,"showMaterialUpdate":false,"showSkybox":true,"showFlares":true,"showImageEffects":true,"showParticleSystems":true},"in2DMode":false,"pivot":{"x":-1117.949462890625,"y":-6.935329437255859,"z":190.74685668945313},"rotation":{"x":0.15090055763721467,"y":-0.3393683135509491,"z":0.055253949016332629,"w":0.9268254041671753},"size":179.2430419921875,"orthographic":false}