{"cameraMode":{"drawMode":0,"name":"Shaded","section":"Shading Mode"},"sceneLighting":false,"audioPlay":false,"sceneViewState":{"showFog":true,"showMaterialUpdate":false,"showSkybox":true,"showFlares":true,"showImageEffects":true,"showParticleSystems":true},"in2DMode":false,"pivot":{"x":250.0,"y":38.86316680908203,"z":248.0501708984375},"rotation":{"x":0.4312850534915924,"y":-0.2410644143819809,"z":0.12075671553611756,"w":0.8609872460365295},"size":276.98065185546877,"orthographic":false}