{"cameraMode":{"drawMode":0,"name":"Shaded","section":"Shading Mode"},"sceneLighting":false,"audioPlay":false,"sceneViewState":{"showFog":true,"showMaterialUpdate":false,"showSkybox":true,"showFlares":true,"showImageEffects":true,"showParticleSystems":true},"in2DMode":false,"pivot":{"x":-1069.875,"y":30.64834976196289,"z":198.70208740234376},"rotation":{"x":-0.005102305673062801,"y":-0.0029998726677149536,"z":-0.000015435713066835888,"w":0.9999825358390808},"size":82.5882339477539,"orthographic":true}