{"cameraMode":{"drawMode":0,"name":"Shaded","section":"Shading Mode"},"sceneLighting":false,"audioPlay":false,"sceneViewState":{"showFog":true,"showMaterialUpdate":false,"showSkybox":true,"showFlares":true,"showImageEffects":true,"showParticleSystems":true},"in2DMode":false,"pivot":{"x":347.07696533203127,"y":-99.37438201904297,"z":419.47802734375},"rotation":{"x":0.18351180851459504,"y":0.12144950777292252,"z":-0.022854013368487359,"w":0.9752185344696045},"size":506.36029052734377,"orthographic":false}