{"cameraMode":{"drawMode":0,"name":"Shaded","section":"Shading Mode"},"sceneLighting":false,"audioPlay":false,"sceneViewState":{"showFog":true,"showMaterialUpdate":false,"showSkybox":true,"showFlares":true,"showImageEffects":true,"showParticleSystems":true},"in2DMode":false,"pivot":{"x":-337.21588134765627,"y":-15.920679092407227,"z":-12.317146301269532},"rotation":{"x":0.4312850534915924,"y":-0.2410644143819809,"z":0.12075671553611756,"w":0.8609872460365295},"size":215.40814208984376,"orthographic":false}