{"cameraMode":{"drawMode":0,"name":"Shaded","section":"Shading Mode"},"sceneLighting":false,"audioPlay":false,"sceneViewState":{"showFog":true,"showMaterialUpdate":false,"showSkybox":true,"showFlares":true,"showImageEffects":true,"showParticleSystems":true},"in2DMode":false,"pivot":{"x":-0.0003204345703125,"y":0.0020751953125,"z":0.00146484375},"rotation":{"x":-0.06895525753498078,"y":-0.5213977694511414,"z":0.042330190539360049,"w":-0.8494691252708435},"size":0.000567003560718149,"orthographic":true}