{"cameraMode":{"drawMode":0,"name":"Shaded","section":"Shading Mode"},"sceneLighting":false,"audioPlay":false,"sceneViewState":{"showFog":true,"showMaterialUpdate":false,"showSkybox":true,"showFlares":true,"showImageEffects":true,"showParticleSystems":true},"in2DMode":false,"pivot":{"x":-1048.90771484375,"y":29.56999969482422,"z":331.3877868652344},"rotation":{"x":0.4312850534915924,"y":-0.2410644143819809,"z":0.12075671553611756,"w":0.8609872460365295},"size":599.9706420898438,"orthographic":false}