{"cameraMode":{"drawMode":0,"name":"Shaded","section":"Shading Mode"},"sceneLighting":false,"audioPlay":false,"sceneViewState":{"showFog":true,"showMaterialUpdate":false,"showSkybox":true,"showFlares":true,"showImageEffects":true,"showParticleSystems":true},"in2DMode":false,"pivot":{"x":290.90093994140627,"y":46.22369384765625,"z":-90.7421875},"rotation":{"x":-0.005102305673062801,"y":-0.0029998726677149536,"z":-0.000015435713066835888,"w":0.9999825358390808},"size":45.88370895385742,"orthographic":true}