{"cameraMode":{"drawMode":0,"name":"Shaded","section":"Shading Mode"},"sceneLighting":false,"audioPlay":false,"sceneViewState":{"showFog":true,"showMaterialUpdate":false,"showSkybox":true,"showFlares":true,"showImageEffects":true,"showParticleSystems":true},"in2DMode":false,"pivot":{"x":-471.19964599609377,"y":-135.7232666015625,"z":52.55792236328125},"rotation":{"x":-0.5626228451728821,"y":-0.18521937727928163,"z":0.13108624517917634,"w":-0.7949627041816711},"size":1530.2935791015625,"orthographic":false}